Date,Time,Well ID,Start_Time,Test Month,Test Day,Test Year,Test Hour,Test Minute,Test Duration Seconds,Test Duration Input,Test Elapsed Time,Test Time Remaining,Low Flow Select,1" Vortex Meter Flow Rate BPD,Water Meter Flow Rate BPD,Level Control Output,Level,Pressure,Quality,1/2" Vortex Meter Flow Rate BPD,Steam Rate BPD,Temperature,Vapor BVPD ,Vapor Rate ACF/M,Low Flow Water Input,1" Meter Water BBL Day,1" Meter Water BBL Test,Average Test Level Output,Average Test Level,Test Press.,Test Quality,1/2" Meter Water BBL Day,1/2" Meter Water BBL Test,Steam BSPD ,Steam BBL,SMT.LIVE_TEST.Tag1,Test Temp.,2" Meter ACF/D,2" Meter ACF,Water BBL Day,Water BBL Test
2014/05/18,00:00:00,636N-20,,5,17,2014,18,37,30,1440,322,1118,Normal Test,0.000,0.000,0.0,31.85,528.3,100.00,0.000,562.603,473.10,562.603,112.073,0.00,0.000,0.000,0.0,32.01,522.85,100.00,0.000,0.000,556.598,123.630,0,471.95,112.036,+BIG,0.000,0.000
2014/05/18,00:00:05,636N-20,,5,17,2014,18,37,30,1440,322,1118,Normal Test,0.000,0.000,0.0,31.99,529.1,100.00,0.000,562.056,472.38,561.519,111.795,0.00,0.000,0.000,0.0,32.01,522.85,100.00,0.000,0.000,556.599,123.670,0,471.95,112.036,+BIG,0.000,0.000
2014/05/18,00:00:10,636N-20,,5,17,2014,18,37,30,1440,322,1118,Normal Test,0.000,0.000,0.0,31.81,529.1,100.00,0.000,569.575,472.86,570.435,113.462,0.00,0.000,0.000,0.0,32.01,522.85,100.00,0.000,0.000,556.601,123.696,0,471.95,112.036,+BIG,0.000,0.000
2014/05/18,00:00:15,636N-20,,5,17,2014,18,37,30,1440,322,1118,Normal Test,0.000,0.000,0.0,32.00,529.1,100.00,0.000,565.923,472.62,565.070,112.564,0.00,0.000,0.000,0.0,32.01,522.85,100.00,0.000,0.000,556.603,123.728,0,471.95,112.036,+BIG,0.000,0.000
2014/05/18,00:00:20,636N-20,,5,17,2014,18,37,30,1440,322,1118,Normal Test,0.000,0.000,0.0,31.97,529.1,100.00,0.000,565.386,473.34,565.386,112.457,0.00,0.000,0.000,0.0,32.01,522.85,100.00,0.000,0.000,556.606,123.761,0,471.95,112.036,+BIG,0.000,0.000
2014/05/18,00:00:25,636N-20,,5,17,2014,18,37,30,1440,322,1118,Normal Test,0.000,0.000,0.0,32.16,529.1,100.00,0.000,564.742,472.86,564.742,112.329,0.00,0.000,0.000,0.0,32.01,522.85,100.00,0.000,0.000,556.607,123.794,0,471.95,112.036,+BIG,0.000,0.000
2014/05/18,00:00:30,636N-20,,5,17,2014,18,37,30,1440,322,1118,Normal Test,0.000,0.000,0.0,32.20,529.1,100.00,0.000,561.304,473.34,561.304,111.432,0.00,0.000,0.000,0.0,32.01,522.86,100.00,0.000,0.000,556.609,123.826,0,471.95,112.036,+BIG,0.000,0.000
2014/05/18,00:00:35,636N-20,,5,17,2014,18,37,30,1440,323,1117,Normal Test,0.000,0.000,0.0,31.73,529.1,100.00,0.000,564.312,473.10,564.527,112.244,0.00,0.000,0.000,0.0,32.01,522.86,100.00,0.000,0.000,556.611,123.852,0,471.95,112.036,+BIG,0.000,0.000
2014/05/18,00:00:40,636N-20,,5,17,2014,18,37,30,1440,323,1117,Normal Test,0.000,0.000,0.0,31.90,529.1,100.00,0.000,563.453,473.58,563.453,112.073,0.00,0.000,0.000,0.0,32.01,522.86,100.00,0.000,0.000,556.613,123.885,0,471.95,112.036,+BIG,0.000,0.000
2014/05/18,00:00:45,636N-20,,5,17,2014,18,37,30,1440,323,1117,Normal Test,0.000,0.000,0.0,32.17,529.1,100.00,0.000,564.419,472.62,564.419,112.265,0.00,0.000,0.000,0.0,32.01,522.86,100.00,0.000,0.000,556.615,123.924,0,471.95,112.036,+BIG,0.000,0.000
2014/05/18,00:00:50,636N-20,,5,17,2014,18,37,30,1440,323,1117,Normal Test,0.000,0.000,0.0,31.85,529.1,100.00,0.000,565.709,472.86,564.002,112.521,0.00,0.000,0.000,0.0,32.01,522.86,100.00,0.000,0.000,556.617,123.957,0,471.95,112.036,+BIG,0.000,0.000
2014/05/18,00:00:55,636N-20,,5,17,2014,18,37,30,1440,323,1117,Normal Test,0.000,0.000,0.0,32.22,529.1,100.00,0.000,567.750,471.90,567.965,112.927,0.00,0.000,0.000,0.0,32.01,522.86,100.00,0.000,0.000,556.619,123.990,0,471.95,112.036,+BIG,0.000,0.000
2014/05/18,00:01:00,636N-20,,5,17,2014,18,37,30,1440,323,1117,Normal Test,0.000,0.000,0.0,32.53,529.1,100.00,0.000,566.461,472.86,566.461,112.671,0.00,0.000,0.000,0.0,32.01,522.86,100.00,0.000,0.000,556.621,124.022,0,471.95,112.036,+BIG,0.000,0.000
2014/05/18,00:01:05,636N-20,,5,17,2014,18,37,30,1440,323,1117,Normal Test,0.000,0.000,0.0,32.22,530.0,100.00,0.000,562.043,472.86,563.882,111.624,0.00,0.000,0.000,0.0,32.01,522.87,100.00,0.000,0.000,556.623,124.048,0,471.95,112.036,+BIG,0.000,0.000
2014/05/18,00:01:10,636N-20,,5,17,2014,18,37,30,1440,323,1117,Normal Test,0.000,0.000,0.0,32.31,530.0,100.00,0.000,564.312,473.10,564.312,112.244,0.00,0.000,0.000,0.0,32.01,522.87,100.00,0.000,0.000,556.625,124.081,0,471.95,112.036,+BIG,0.000,0.000
2014/05/18,00:01:15,636N-20,,5,17,2014,18,37,30,1440,323,1117,Normal Test,0.000,0.000,0.0,32.96,529.1,100.00,0.000,567.857,472.38,567.857,112.906,0.00,0.000,0.000,0.0,32.01,522.87,100.00,0.000,0.000,556.628,124.114,0,471.95,112.037,+BIG,0.000,0.000
2014/05/18,00:01:20,636N-20,,5,17,2014,18,37,30,1440,323,1117,Normal Test,0.000,0.000,0.0,31.89,530.0,100.00,0.000,564.205,472.62,565.056,112.222,0.00,0.000,0.000,0.0,32.01,522.87,100.00,0.000,0.000,556.629,124.153,0,471.95,112.037,+BIG,0.000,0.000
2014/05/18,00:01:25,636N-20,,5,17,2014,18,37,30,1440,323,1117,Normal Test,0.000,0.000,0.0,32.01,529.1,100.00,0.000,566.461,473.34,566.461,112.671,0.00,0.000,0.000,0.0,32.01,522.87,100.00,0.000,0.000,556.632,124.186,0,471.95,112.037,+BIG,0.000,0.000
2014/05/18,00:01:30,636N-20,,5,17,2014,18,37,30,1440,323,1117,Normal Test,0.000,0.000,0.0,31.81,529.1,100.00,0.000,565.601,472.38,565.601,112.500,0.00,0.000,0.000,0.0,32.01,522.87,100.00,0.000,0.000,556.634,124.212,0,471.95,112.037,+BIG,0.000,0.000
2014/05/18,00:01:35,636N-20,,5,17,2014,18,37,30,1440,324,1116,Normal Test,0.000,0.000,0.0,32.51,529.1,100.00,0.000,567.965,473.58,569.039,112.970,0.00,0.000,0.000,0.0,32.01,522.88,100.00,0.000,0.000,556.636,124.245,0,471.95,112.037,+BIG,0.000,0.000
2014/05/18,00:01:40,636N-20,,5,17,2014,18,37,30,1440,324,1116,Normal Test,0.000,0.000,0.0,31.63,529.1,100.00,0.000,564.410,472.62,563.560,112.094,0.00,0.000,0.000,0.0,32.01,522.88,100.00,0.000,0.000,556.639,124.277,0,471.95,112.037,+BIG,0.000,0.000
2014/05/18,00:01:45,636N-20,,5,17,2014,18,37,30,1440,324,1116,Normal Test,0.000,0.000,0.0,32.31,529.1,100.00,0.000,562.486,473.34,563.334,112.137,0.00,0.000,0.000,0.0,32.01,522.88,100.00,0.000,0.000,556.641,124.310,0,471.95,112.037,+BIG,0.000,0.000
2014/05/18,00:01:50,636N-20,,5,17,2014,18,37,30,1440,324,1116,Normal Test,0.000,0.000,0.0,32.39,528.3,100.00,0.000,567.857,473.82,567.001,112.949,0.00,0.000,0.000,0.0,32.01,522.88,100.00,0.000,0.000,556.643,124.343,0,471.95,112.037,+BIG,0.000,0.000
2014/05/18,00:01:55,636N-20,,5,17,2014,18,37,30,1440,324,1116,Normal Test,0.000,0.000,0.0,31.75,526.7,100.00,0.000,565.499,473.34,565.499,112.650,0.00,0.000,0.000,0.0,32.01,522.88,100.00,0.000,0.000,556.645,124.375,0,471.95,112.037,+BIG,0.000,0.000
2014/05/18,00:02:00,636N-20,,5,17,2014,18,37,30,1440,324,1116,Normal Test,0.000,0.000,0.0,32.10,529.1,100.00,0.000,566.786,472.62,567.642,112.906,0.00,0.000,0.000,0.0,32.01,522.88,100.00,0.000,0.000,556.647,124.408,0,471.95,112.037,+BIG,0.000,0.000
2014/05/18,00:02:05,636N-20,,5,17,2014,18,37,30,1440,324,1116,Normal Test,0.000,0.000,0.0,31.52,529.1,100.00,0.000,562.271,473.34,562.271,111.838,0.00,0.000,0.000,0.0,32.01,522.89,100.00,0.000,0.000,556.649,124.441,0,471.95,112.037,+BIG,0.000,0.000
2014/05/18,00:02:10,636N-20,,5,17,2014,18,37,30,1440,324,1116,Normal Test,0.000,0.000,0.0,31.99,529.1,100.00,0.000,565.709,473.82,565.709,112.521,0.00,0.000,0.000,0.0,32.01,522.89,100.00,0.000,0.000,556.652,124.474,0,471.95,112.038,+BIG,0.000,0.000
2014/05/18,00:02:15,636N-20,,5,17,2014,18,37,30,1440,324,1116,Normal Test,0.000,0.000,0.0,31.77,528.3,100.00,0.000,562.388,472.62,562.388,112.030,0.00,0.000,0.000,0.0,32.01,522.89,100.00,0.000,0.000,556.654,124.506,0,471.95,112.038,+BIG,0.000,0.000
2014/05/18,00:02:20,636N-20,,5,17,2014,18,37,30,1440,324,1116,Normal Test,0.000,0.000,0.0,31.56,529.1,100.00,0.000,563.990,472.86,563.990,112.179,0.00,0.000,0.000,0.0,32.01,522.89,100.00,0.000,0.000,556.656,124.539,0,471.95,112.038,+BIG,0.000,0.000
2014/05/18,00:02:25,636N-20,,5,17,2014,18,37,30,1440,324,1116,Normal Test,0.000,0.000,0.0,32.43,529.1,100.00,0.000,563.130,472.38,561.949,112.009,0.00,0.000,0.000,0.0,32.01,522.89,100.00,0.000,0.000,556.658,124.565,0,471.95,112.038,+BIG,0.000,0.000
2014/05/18,00:02:30,636N-20,,5,17,2014,18,37,30,1440,324,1116,Normal Test,0.000,0.000,0.0,32.44,529.1,100.00,0.000,565.709,473.34,565.709,112.521,0.00,0.000,0.000,0.0,32.01,522.89,100.00,0.000,0.000,556.661,124.598,0,471.96,112.038,+BIG,0.000,0.000
2014/05/18,00:02:35,636N-20,,5,17,2014,18,37,30,1440,325,1115,Normal Test,0.000,0.000,0.0,32.27,529.1,100.00,0.000,567.750,472.86,568.072,112.927,0.00,0.000,0.000,0.0,32.01,522.90,100.00,0.000,0.000,556.663,124.631,0,471.96,112.038,+BIG,0.000,0.000
2014/05/18,00:02:40,636N-20,,5,17,2014,18,37,30,1440,325,1115,Normal Test,0.000,0.000,0.0,32.08,530.0,100.00,0.000,562.378,473.58,562.378,111.859,0.00,0.000,0.000,0.0,32.01,522.90,100.00,0.000,0.000,556.665,124.663,0,471.96,112.038,+BIG,0.000,0.000
2014/05/18,00:02:45,636N-20,,5,17,2014,18,37,30,1440,325,1115,Normal Test,0.000,0.000,0.0,32.53,529.1,100.00,0.000,560.967,472.38,561.626,111.410,0.00,0.000,0.000,0.0,32.01,522.90,100.00,0.000,0.000,556.667,124.696,0,471.96,112.038,+BIG,0.000,0.000
2014/05/18,00:02:50,636N-20,,5,17,2014,18,37,30,1440,325,1115,Normal Test,0.000,0.000,0.0,32.34,527.5,100.00,0.000,562.817,472.86,563.667,112.115,0.00,0.000,0.000,0.0,32.01,522.90,100.00,0.000,0.000,556.669,124.735,0,471.96,112.038,+BIG,0.000,0.000
2014/05/18,00:02:55,636N-20,,5,17,2014,18,37,30,1440,325,1115,Normal Test,0.000,0.000,0.0,31.96,530.8,100.00,0.000,563.644,472.38,563.644,111.816,0.00,0.000,0.000,0.0,32.01,522.90,100.00,0.000,0.000,556.671,124.768,0,471.96,112.038,+BIG,0.000,0.000
2014/05/18,00:03:00,636N-20,,5,17,2014,18,37,30,1440,325,1115,Normal Test,0.000,0.000,0.0,31.87,529.1,100.00,0.000,564.634,473.82,564.634,112.308,0.00,0.000,0.000,0.0,32.01,522.90,100.00,0.000,0.000,556.673,124.801,0,471.96,112.038,+BIG,0.000,0.000
2014/05/18,00:03:05,636N-20,,5,17,2014,18,37,30,1440,325,1115,Normal Test,0.000,0.000,0.0,32.01,531.6,100.00,0.000,560.015,473.34,562.549,111.432,0.00,0.000,0.000,0.0,32.01,522.91,100.00,0.000,0.000,556.676,124.833,0,471.96,112.039,+BIG,0.000,0.000
2014/05/18,00:03:10,636N-20,,5,17,2014,18,37,30,1440,325,1115,Normal Test,0.000,0.000,0.0,31.97,530.0,100.00,0.000,566.347,472.86,566.347,112.479,0.00,0.000,0.000,0.0,32.01,522.91,100.00,0.000,0.000,556.678,124.866,0,471.96,112.039,+BIG,0.000,0.000
2014/05/18,00:03:15,636N-20,,5,17,2014,18,37,30,1440,325,1115,Normal Test,0.000,0.000,0.0,31.76,529.1,100.00,0.000,565.386,473.82,565.386,112.308,0.00,0.000,0.000,0.0,32.01,522.91,100.00,0.000,0.000,556.680,124.899,0,471.96,112.039,+BIG,0.000,0.000
2014/05/18,00:03:20,636N-20,,5,17,2014,18,37,30,1440,325,1115,Normal Test,0.000,0.000,0.0,31.98,529.1,100.00,0.000,568.609,474.06,568.609,113.098,0.00,0.000,0.000,0.0,32.01,522.91,100.00,0.000,0.000,556.682,124.931,0,471.96,112.039,+BIG,0.000,0.000
2014/05/18,00:03:25,636N-20,,5,17,2014,18,37,30,1440,325,1115,Normal Test,0.000,0.000,0.0,32.62,529.1,100.00,0.000,567.750,473.34,567.750,112.927,0.00,0.000,0.000,0.0,32.01,522.91,100.00,0.000,0.000,556.684,124.964,0,471.96,112.039,+BIG,0.000,0.000
2014/05/18,00:03:30,636N-20,,5,17,2014,18,37,30,1440,325,1115,Normal Test,0.000,0.000,0.0,31.81,529.1,100.00,0.000,563.667,472.62,563.667,112.115,0.00,0.000,0.000,0.0,32.01,522.91,100.00,0.000,0.000,556.686,124.997,0,471.96,112.039,+BIG,0.000,0.000
2014/05/18,00:03:35,636N-20,,5,17,2014,18,37,30,1440,326,1114,Normal Test,0.000,0.000,0.0,31.95,530.8,100.00,0.000,566.454,473.34,566.454,112.500,0.00,0.000,0.000,0.0,32.01,522.92,100.00,0.000,0.000,556.688,125.029,0,471.96,112.039,+BIG,0.000,0.000
2014/05/18,00:03:40,636N-20,,5,17,2014,18,37,30,1440,326,1114,Normal Test,0.000,0.000,0.0,32.17,529.1,100.00,0.000,567.853,472.62,568.708,112.778,0.00,0.000,0.000,0.0,32.01,522.92,100.00,0.000,0.000,556.690,125.056,0,471.96,112.039,+BIG,0.000,0.000
2014/05/18,00:03:45,636N-20,,5,17,2014,18,37,30,1440,326,1114,Normal Test,0.000,0.000,0.0,32.22,529.1,100.00,0.000,562.997,472.14,562.997,111.645,0.00,0.000,0.000,0.0,32.01,522.92,100.00,0.000,0.000,556.692,125.088,0,471.96,112.039,+BIG,0.000,0.000
2014/05/18,00:03:50,636N-20,,5,17,2014,18,37,30,1440,326,1114,Normal Test,0.000,0.000,0.0,32.09,530.8,100.00,0.000,566.865,473.58,565.163,112.244,0.00,0.000,0.000,0.0,32.01,522.92,100.00,0.000,0.000,556.695,125.121,0,471.96,112.039,+BIG,0.000,0.000
2014/05/18,00:03:55,636N-20,,5,17,2014,18,37,30,1440,326,1114,Normal Test,0.000,0.000,0.0,31.85,529.1,100.00,0.000,568.502,472.38,568.502,113.077,0.00,0.000,0.000,0.0,32.01,522.92,100.00,0.000,0.000,556.698,125.154,0,471.96,112.039,+BIG,0.000,0.000
2014/05/18,00:04:00,636N-20,,5,17,2014,18,37,30,1440,326,1114,Normal Test,0.000,0.000,0.0,32.18,529.1,100.00,0.000,562.603,472.62,563.453,112.073,0.00,0.000,0.000,0.0,32.01,522.92,100.00,0.000,0.000,556.700,125.187,0,471.96,112.039,+BIG,0.000,0.000
2014/05/18,00:04:05,636N-20,,5,17,2014,18,37,30,1440,326,1114,Normal Test,0.000,0.000,0.0,32.09,529.1,100.00,0.000,562.904,473.58,562.271,111.795,0.00,0.000,0.000,0.0,32.01,522.93,100.00,0.000,0.000,556.702,125.219,0,471.96,112.039,+BIG,0.000,0.000
2014/05/18,00:04:10,636N-20,,5,17,2014,18,37,30,1440,326,1114,Normal Test,0.000,0.000,0.0,32.06,530.8,100.00,0.000,564.097,472.86,564.097,112.201,0.00,0.000,0.000,0.0,32.01,522.93,100.00,0.000,0.000,556.705,125.252,0,471.96,112.039,+BIG,0.000,0.000
2014/05/18,00:04:15,636N-20,,5,17,2014,18,37,30,1440,326,1114,Normal Test,0.000,0.000,0.0,32.19,532.4,100.00,0.000,565.786,474.06,566.636,112.030,0.00,0.000,0.000,0.0,32.01,522.93,100.00,0.000,0.000,556.707,125.285,0,471.96,112.040,+BIG,0.000,0.000
2014/05/18,00:04:20,636N-20,,5,17,2014,18,37,30,1440,326,1114,Normal Test,0.000,0.000,0.0,32.00,532.4,100.00,0.000,568.149,473.10,568.149,112.329,0.00,0.000,0.000,0.0,32.01,522.93,100.00,0.000,0.000,556.709,125.318,0,471.96,112.040,+BIG,0.000,0.000
2014/05/18,00:04:25,636N-20,,5,17,2014,18,37,30,1440,326,1114,Normal Test,0.000,0.000,0.0,32.70,532.4,100.00,0.000,569.554,473.58,568.700,112.628,0.00,0.000,0.000,0.0,32.01,522.93,100.00,0.000,0.000,556.711,125.350,0,471.96,112.040,+BIG,0.000,0.000
2014/05/18,00:04:30,636N-20,,5,17,2014,18,37,30,1440,326,1114,Normal Test,0.000,0.000,0.0,32.55,530.8,100.00,0.000,567.609,473.34,567.933,112.222,0.00,0.000,0.000,0.0,32.01,522.94,100.00,0.000,0.000,556.715,125.383,0,471.96,112.040,+BIG,0.000,0.000
2014/05/18,00:04:35,636N-20,,5,17,2014,18,37,30,1440,327,1113,Normal Test,0.000,0.000,0.0,31.96,532.4,100.00,0.000,567.392,473.10,565.056,112.179,0.00,0.000,0.000,0.0,32.01,522.94,100.00,0.000,0.000,556.717,125.416,0,471.96,112.040,+BIG,0.000,0.000
2014/05/18,00:04:40,636N-20,,5,17,2014,18,37,30,1440,327,1113,Normal Test,0.000,0.000,0.0,31.91,531.6,100.00,0.000,574.096,473.34,574.096,114.017,0.00,0.000,0.000,0.0,32.01,522.94,100.00,0.000,0.000,556.720,125.449,0,471.96,112.040,+BIG,0.000,0.000
2014/05/18,00:04:45,636N-20,,5,17,2014,18,37,30,1440,327,1113,Normal Test,0.000,0.000,0.0,32.02,531.6,100.00,0.000,567.081,473.58,567.081,112.286,0.00,0.000,0.000,0.0,32.01,522.94,100.00,0.000,0.000,556.724,125.482,0,471.96,112.040,+BIG,0.000,0.000
2014/05/18,00:04:50,636N-20,,5,17,2014,18,37,30,1440,327,1113,Normal Test,0.000,0.000,0.0,31.96,531.6,100.00,0.000,569.013,473.82,568.160,112.500,0.00,0.000,0.000,0.0,32.01,522.95,100.00,0.000,0.000,556.727,125.515,0,471.96,112.040,+BIG,0.000,0.000
2014/05/18,00:04:55,636N-20,,5,17,2014,18,37,30,1440,327,1113,Normal Test,0.000,0.000,0.0,32.16,531.6,100.00,0.000,566.230,473.58,567.081,112.286,0.00,0.000,0.000,0.0,32.01,522.95,100.00,0.000,0.000,556.729,125.548,0,471.96,112.040,+BIG,0.000,0.000
2014/05/18,00:05:00,636N-20,,5,17,2014,18,37,30,1440,327,1113,Normal Test,0.000,0.000,0.0,31.76,531.6,100.00,0.000,565.368,473.34,565.368,112.115,0.00,0.000,0.000,0.0,32.01,522.95,100.00,0.000,0.000,556.731,125.580,0,471.97,112.040,+BIG,0.000,0.000
2014/05/18,00:05:05,636N-20,,5,17,2014,18,37,30,1440,327,1113,Normal Test,0.000,0.000,0.0,31.65,530.8,100.00,0.000,566.338,473.58,566.338,112.308,0.00,0.000,0.000,0.0,32.01,522.95,100.00,0.000,0.000,556.734,125.613,0,471.97,112.040,+BIG,0.000,0.000
2014/05/18,00:05:10,636N-20,,5,17,2014,18,37,30,1440,327,1113,Normal Test,0.000,0.000,0.0,32.72,530.8,100.00,0.000,565.368,473.82,564.518,112.115,0.00,0.000,0.000,0.0,32.01,522.95,100.00,0.000,0.000,556.737,125.646,0,471.97,112.041,+BIG,0.000,0.000
2014/05/18,00:05:15,636N-20,,5,17,2014,18,37,30,1440,327,1113,Normal Test,0.000,0.000,0.0,32.31,531.6,100.00,0.000,563.502,473.58,563.286,111.410,0.00,0.000,0.000,0.0,32.01,522.96,100.00,0.000,0.000,556.739,125.679,0,471.97,112.041,+BIG,0.000,0.000
2014/05/18,00:05:20,636N-20,,5,17,2014,18,37,30,1440,327,1113,Normal Test,0.000,0.000,0.0,32.19,530.8,100.00,0.000,565.056,474.06,565.907,112.222,0.00,0.000,0.000,0.0,32.01,522.96,100.00,0.000,0.000,556.741,125.712,0,471.97,112.041,+BIG,0.000,0.000
2014/05/18,00:05:25,636N-20,,5,17,2014,18,37,30,1440,327,1113,Normal Test,0.000,0.000,0.0,31.79,531.6,100.00,0.000,564.474,474.06,563.628,111.603,0.00,0.000,0.000,0.0,32.01,522.96,100.00,0.000,0.000,556.745,125.738,0,471.97,112.041,+BIG,0.000,0.000
2014/05/18,00:05:30,636N-20,,5,17,2014,18,37,30,1440,327,1113,Normal Test,0.000,0.000,0.0,32.10,531.6,100.00,0.000,569.467,473.82,570.324,113.098,0.00,0.000,0.000,0.0,32.01,522.96,100.00,0.000,0.000,556.748,125.771,0,471.97,112.041,+BIG,0.000,0.000
2014/05/18,00:05:35,636N-20,,5,17,2014,18,37,30,1440,328,1112,Normal Test,0.000,0.000,0.0,31.99,531.6,100.00,0.000,568.160,473.10,567.307,112.500,0.00,0.000,0.000,0.0,32.01,522.96,100.00,0.000,0.000,556.751,125.804,0,471.97,112.041,+BIG,0.000,0.000
2014/05/18,00:05:40,636N-20,,5,17,2014,18,37,30,1440,328,1112,Normal Test,0.000,0.000,0.0,32.17,529.1,100.00,0.000,565.709,473.58,565.709,112.521,0.00,0.000,0.000,0.0,32.01,522.97,100.00,0.000,0.000,556.753,125.836,0,471.97,112.041,+BIG,0.000,0.000
2014/05/18,00:05:45,636N-20,,5,17,2014,18,37,30,1440,328,1112,Normal Test,0.000,0.000,0.0,32.07,529.1,100.00,0.000,569.682,472.86,570.540,113.141,0.00,0.000,0.000,0.0,32.01,522.97,100.00,0.000,0.000,556.756,125.869,0,471.97,112.041,+BIG,0.000,0.000
2014/05/18,00:05:50,636N-20,,5,17,2014,18,37,30,1440,328,1112,Normal Test,0.000,0.000,0.0,32.08,531.6,100.00,0.000,569.230,473.58,568.484,112.543,0.00,0.000,0.000,0.0,32.01,522.97,100.00,0.000,0.000,556.758,125.902,0,471.97,112.041,+BIG,0.000,0.000
2014/05/18,00:05:55,636N-20,,5,17,2014,18,37,30,1440,328,1112,Normal Test,0.000,0.000,0.0,32.73,531.6,100.00,0.000,568.484,473.10,568.484,112.564,0.00,0.000,0.000,0.0,32.01,522.97,100.00,0.000,0.000,556.760,125.935,0,471.97,112.041,+BIG,0.000,0.000
2014/05/18,00:06:00,636N-20,,5,17,2014,18,37,30,1440,328,1112,Normal Test,0.000,0.000,0.0,31.99,532.4,100.00,0.000,567.392,473.82,567.392,112.179,0.00,0.000,0.000,0.0,32.01,522.97,100.00,0.000,0.000,556.762,125.967,0,471.97,112.041,+BIG,0.000,0.000
2014/05/18,00:06:05,636N-20,,5,17,2014,18,37,30,1440,328,1112,Normal Test,0.000,0.000,0.0,32.49,531.6,100.00,0.000,566.650,473.58,567.500,112.201,0.00,0.000,0.000,0.0,32.01,522.98,100.00,0.000,0.000,556.764,126.000,0,471.97,112.041,+BIG,0.000,0.000
2014/05/18,00:06:10,636N-20,,5,17,2014,18,37,30,1440,328,1112,Normal Test,0.000,0.000,0.0,32.06,531.6,100.00,0.000,567.297,474.31,567.297,112.329,0.00,0.000,0.000,0.0,32.01,522.98,100.00,0.000,0.000,556.766,126.033,0,471.97,112.041,+BIG,0.000,0.000
2014/05/18,00:06:15,636N-20,,5,17,2014,18,37,30,1440,328,1112,Normal Test,0.000,0.000,0.0,31.87,534.0,100.00,0.000,560.368,473.34,561.208,110.791,0.00,0.000,0.000,0.0,32.01,522.98,100.00,0.000,0.000,556.770,126.066,0,471.97,112.041,+BIG,0.000,0.000
2014/05/18,00:06:20,636N-20,,5,17,2014,18,37,30,1440,328,1112,Normal Test,0.000,0.000,0.0,31.44,532.4,100.00,0.000,569.770,473.10,569.770,112.650,0.00,0.000,0.000,0.0,32.01,522.98,100.00,0.000,0.000,556.772,126.099,0,471.97,112.041,+BIG,0.000,0.000
2014/05/18,00:06:25,636N-20,,5,17,2014,18,37,30,1440,328,1112,Normal Test,0.000,0.000,0.0,32.30,533.2,100.00,0.000,569.338,473.34,569.338,112.671,0.00,0.000,0.000,0.0,32.01,522.99,100.00,0.000,0.000,556.775,126.132,0,471.97,112.042,+BIG,0.000,0.000
2014/05/18,00:06:30,636N-20,,5,17,2014,18,37,30,1440,328,1112,Normal Test,0.000,0.000,0.0,32.17,534.0,100.00,0.000,569.202,474.31,568.351,112.201,0.00,0.000,0.000,0.0,32.01,522.99,100.00,0.000,0.000,556.778,126.165,0,471.97,112.042,+BIG,0.000,0.000
2014/05/18,00:06:35,636N-20,,5,17,2014,18,37,30,1440,329,1111,Normal Test,0.000,0.000,0.0,31.74,532.4,100.00,0.000,568.784,473.34,568.041,112.286,0.00,0.000,0.000,0.0,32.01,522.99,100.00,0.000,0.000,556.782,126.191,0,471.97,112.042,+BIG,0.000,0.000
2014/05/18,00:06:40,636N-20,,5,17,2014,18,37,30,1440,329,1111,Normal Test,0.000,0.000,0.0,32.63,529.1,100.00,0.000,570.750,472.86,570.750,113.013,0.00,0.000,0.000,0.0,32.01,522.99,100.00,0.000,0.000,556.785,126.230,0,471.97,112.042,+BIG,0.000,0.000
2014/05/18,00:06:45,636N-20,,5,17,2014,18,37,30,1440,329,1111,Normal Test,0.000,0.000,0.0,32.50,533.2,100.00,0.000,562.378,474.06,563.227,112.500,0.00,0.000,0.000,0.0,32.01,522.99,100.00,0.000,0.000,556.787,126.257,0,471.97,112.042,+BIG,0.000,0.000
2014/05/18,00:06:50,636N-20,,5,17,2014,18,37,30,1440,329,1111,Normal Test,0.000,0.000,0.0,31.52,532.4,100.00,0.000,565.300,472.86,564.455,111.432,0.00,0.000,0.000,0.0,32.01,523.00,100.00,0.000,0.000,556.789,126.296,0,471.97,112.042,+BIG,0.000,0.000
2014/05/18,00:06:55,636N-20,,5,17,2014,18,37,30,1440,329,1111,Normal Test,0.000,0.000,0.0,32.23,532.4,100.00,0.000,570.310,473.10,570.310,112.735,0.00,0.000,0.000,0.0,32.01,523.00,100.00,0.000,0.000,556.793,126.322,0,471.98,112.042,+BIG,0.000,0.000
2014/05/18,00:07:00,636N-20,,5,17,2014,18,37,30,1440,329,1111,Normal Test,0.000,0.000,0.0,31.80,533.2,100.00,0.000,565.771,473.34,566.620,111.859,0.00,0.000,0.000,0.0,32.01,523.00,100.00,0.000,0.000,556.796,126.362,0,471.98,112.042,+BIG,0.000,0.000
2014/05/18,00:07:05,636N-20,,5,17,2014,18,37,30,1440,329,1111,Normal Test,0.000,0.000,0.0,32.17,532.4,100.00,0.000,568.700,472.86,567.846,112.607,0.00,0.000,0.000,0.0,32.01,523.00,100.00,0.000,0.000,556.799,126.388,0,471.98,112.042,+BIG,0.000,0.000
2014/05/18,00:07:10,636N-20,,5,17,2014,18,37,30,1440,329,1111,Normal Test,0.000,0.000,0.0,32.48,532.4,100.00,0.000,571.175,473.34,570.319,112.628,0.00,0.000,0.000,0.0,32.01,523.01,100.00,0.000,0.000,556.801,126.428,0,471.98,112.042,+BIG,0.000,0.000
2014/05/18,00:07:15,636N-20,,5,17,2014,18,37,30,1440,329,1111,Normal Test,0.000,0.000,0.0,31.95,531.6,100.00,0.000,569.770,473.10,569.024,112.650,0.00,0.000,0.000,0.0,32.01,523.01,100.00,0.000,0.000,556.805,126.454,0,471.98,112.042,+BIG,0.000,0.000
2014/05/18,00:07:20,636N-20,,5,17,2014,18,37,30,1440,329,1111,Normal Test,0.000,0.000,0.0,31.97,530.0,100.00,0.000,569.347,473.34,570.202,112.735,0.00,0.000,0.000,0.0,32.01,523.01,100.00,0.000,0.000,556.807,126.487,0,471.98,112.042,+BIG,0.000,0.000
2014/05/18,00:07:25,636N-20,,5,17,2014,18,37,30,1440,329,1111,Normal Test,0.000,0.000,0.0,32.09,532.4,100.00,0.000,571.067,473.58,571.067,112.906,0.00,0.000,0.000,0.0,32.01,523.01,100.00,0.000,0.000,556.811,126.520,0,471.98,112.043,+BIG,0.000,0.000
2014/05/18,00:07:30,636N-20,,5,17,2014,18,37,30,1440,329,1111,Normal Test,0.000,0.000,0.0,31.84,531.6,100.00,0.000,569.462,474.31,569.462,112.927,0.00,0.000,0.000,0.0,32.01,523.02,100.00,0.000,0.000,556.813,126.553,0,471.98,112.043,+BIG,0.000,0.000
2014/05/18,00:07:35,636N-20,,5,17,2014,18,37,30,1440,330,1110,Normal Test,0.000,0.000,0.0,31.76,532.4,100.00,0.000,564.168,473.34,565.015,111.709,0.00,0.000,0.000,0.0,32.01,523.02,100.00,0.000,0.000,556.816,126.592,0,471.98,112.043,+BIG,0.000,0.000
2014/05/18,00:07:40,636N-20,,5,17,2014,18,37,30,1440,330,1110,Normal Test,0.000,0.000,0.0,31.76,531.6,100.00,0.000,567.189,472.62,567.189,112.308,0.00,0.000,0.000,0.0,32.01,523.02,100.00,0.000,0.000,556.819,126.618,0,471.98,112.043,+BIG,0.000,0.000
2014/05/18,00:07:45,636N-20,,5,17,2014,18,37,30,1440,330,1110,Normal Test,0.000,0.000,0.0,31.90,531.6,100.00,0.000,566.960,473.34,566.960,112.115,0.00,0.000,0.000,0.0,32.01,523.02,100.00,0.000,0.000,556.821,126.645,0,471.98,112.043,+BIG,0.000,0.000
2014/05/18,00:07:50,636N-20,,5,17,2014,18,37,30,1440,330,1110,Normal Test,0.000,0.000,0.0,31.59,529.1,100.00,0.000,566.445,473.58,567.297,112.329,0.00,0.000,0.000,0.0,32.01,523.02,100.00,0.000,0.000,556.824,126.684,0,471.98,112.043,+BIG,0.000,0.000
2014/05/18,00:07:55,636N-20,,5,17,2014,18,37,30,1440,330,1110,Normal Test,0.000,0.000,0.0,32.09,529.1,100.00,0.000,568.287,473.82,568.287,113.034,0.00,0.000,0.000,0.0,32.01,523.03,100.00,0.000,0.000,556.827,126.717,0,471.98,112.043,+BIG,0.000,0.000
2014/05/18,00:08:00,636N-20,,5,17,2014,18,37,30,1440,330,1110,Normal Test,0.000,0.000,0.0,31.57,530.8,100.00,0.000,565.271,473.58,564.419,112.265,0.00,0.000,0.000,0.0,32.01,523.03,100.00,0.000,0.000,556.828,126.750,0,471.98,112.043,+BIG,0.000,0.000
2014/05/18,00:08:05,636N-20,,5,17,2014,18,37,30,1440,330,1110,Normal Test,0.000,0.000,0.0,32.08,529.1,100.00,0.000,569.786,474.31,568.929,112.991,0.00,0.000,0.000,0.0,32.01,523.03,100.00,0.000,0.000,556.831,126.782,0,471.98,112.043,+BIG,0.000,0.000
2014/05/18,00:08:10,636N-20,,5,17,2014,18,37,30,1440,330,1110,Normal Test,0.000,0.000,0.0,32.28,531.6,100.00,0.000,564.383,473.10,563.536,111.752,0.00,0.000,0.000,0.0,32.01,523.03,100.00,0.000,0.000,556.833,126.822,0,471.98,112.043,+BIG,0.000,0.000
2014/05/18,00:08:15,636N-20,,5,17,2014,18,37,30,1440,330,1110,Normal Test,0.000,0.000,0.0,32.18,532.4,100.00,0.000,567.825,473.34,564.419,112.265,0.00,0.000,0.000,0.0,32.01,523.03,100.00,0.000,0.000,556.836,126.848,0,471.98,112.043,+BIG,0.000,0.000
2014/05/18,00:08:20,636N-20,,5,17,2014,18,37,30,1440,330,1110,Normal Test,0.000,0.000,0.0,31.80,532.4,100.00,0.000,564.130,473.58,563.286,111.368,0.00,0.000,0.000,0.0,32.01,523.04,100.00,0.000,0.000,556.838,126.874,0,471.98,112.043,+BIG,0.000,0.000
2014/05/18,00:08:25,636N-20,,5,17,2014,18,37,30,1440,330,1110,Normal Test,0.000,0.000,0.0,32.16,532.4,100.00,0.000,566.650,472.86,565.799,112.201,0.00,0.000,0.000,0.0,32.01,523.04,100.00,0.000,0.000,556.840,126.913,0,471.98,112.043,+BIG,0.000,0.000
2014/05/18,00:08:30,636N-20,,5,17,2014,18,37,30,1440,330,1110,Normal Test,0.000,0.000,0.0,32.16,532.4,100.00,0.000,566.461,474.31,567.315,112.671,0.00,0.000,0.000,0.0,32.01,523.04,100.00,0.000,0.000,556.843,126.946,0,471.98,112.043,+BIG,0.000,0.000
2014/05/18,00:08:35,636N-20,,5,17,2014,18,37,30,1440,331,1109,Normal Test,0.000,0.000,0.0,32.20,531.6,100.00,0.000,564.742,473.58,567.945,112.329,0.00,0.000,0.000,0.0,32.01,523.04,100.00,0.000,0.000,556.846,126.972,0,471.98,112.043,+BIG,0.000,0.000
2014/05/18,00:08:40,636N-20,,5,17,2014,18,37,30,1440,331,1109,Normal Test,0.000,0.000,0.0,32.31,531.6,100.00,0.000,569.662,474.31,568.808,112.628,0.00,0.000,0.000,0.0,32.01,523.04,100.00,0.000,0.000,556.847,127.012,0,471.98,112.043,+BIG,0.000,0.000
2014/05/18,00:08:45,636N-20,,5,17,2014,18,37,30,1440,331,1109,Normal Test,0.000,0.000,0.0,31.69,531.6,100.00,0.000,569.446,473.82,569.446,112.585,0.00,0.000,0.000,0.0,32.01,523.05,100.00,0.000,0.000,556.851,127.038,0,471.98,112.043,+BIG,0.000,0.000
2014/05/18,00:08:50,636N-20,,5,17,2014,18,37,30,1440,331,1109,Normal Test,0.000,0.000,0.0,32.01,532.4,100.00,0.000,569.122,473.10,569.122,112.521,0.00,0.000,0.000,0.0,32.01,523.05,100.00,0.000,0.000,556.853,127.077,0,471.98,112.044,+BIG,0.000,0.000
2014/05/18,00:08:55,636N-20,,5,17,2014,18,37,30,1440,331,1109,Normal Test,0.000,0.000,0.0,32.77,532.4,100.00,0.000,566.852,473.82,566.002,112.073,0.00,0.000,0.000,0.0,32.01,523.05,100.00,0.000,0.000,556.856,127.110,0,471.98,112.044,+BIG,0.000,0.000
2014/05/18,00:09:00,636N-20,,5,17,2014,18,37,30,1440,331,1109,Normal Test,0.000,0.000,0.0,31.79,534.0,100.00,0.000,564.433,473.82,564.433,111.261,0.00,0.000,0.000,0.0,32.01,523.05,100.00,0.000,0.000,556.859,127.137,0,471.99,112.044,+BIG,0.000,0.000
2014/05/18,00:09:05,636N-20,,5,17,2014,18,37,30,1440,331,1109,Normal Test,0.000,0.000,0.0,31.81,529.1,100.00,0.000,570.319,474.06,571.175,112.970,0.00,0.000,0.000,0.0,32.01,523.05,100.00,0.000,0.000,556.862,127.176,0,471.99,112.044,+BIG,0.000,0.000
2014/05/18,00:09:10,636N-20,,5,17,2014,18,37,30,1440,331,1109,Normal Test,0.000,0.000,0.0,32.54,531.6,100.00,0.000,570.642,473.10,569.786,112.991,0.00,0.000,0.000,0.0,32.01,523.06,100.00,0.000,0.000,556.865,127.202,0,471.99,112.044,+BIG,0.000,0.000
2014/05/18,00:09:15,636N-20,,5,17,2014,18,37,30,1440,331,1109,Normal Test,0.000,0.000,0.0,32.22,532.4,100.00,0.000,565.862,474.06,565.862,111.709,0.00,0.000,0.000,0.0,32.01,523.06,100.00,0.000,0.000,556.867,127.235,0,471.99,112.044,+BIG,0.000,0.000
2014/05/18,00:09:20,636N-20,,5,17,2014,18,37,30,1440,331,1109,Normal Test,0.000,0.000,0.0,31.91,532.4,100.00,0.000,567.846,473.82,567.846,112.607,0.00,0.000,0.000,0.0,32.01,523.06,100.00,0.000,0.000,556.870,127.275,0,471.99,112.044,+BIG,0.000,0.000
2014/05/18,00:09:25,636N-20,,5,17,2014,18,37,30,1440,331,1109,Normal Test,0.000,0.000,0.0,31.91,531.6,100.00,0.000,568.784,473.58,568.784,112.286,0.00,0.000,0.000,0.0,32.01,523.06,100.00,0.000,0.000,556.874,127.301,0,471.99,112.044,+BIG,0.000,0.000
2014/05/18,00:09:30,636N-20,,5,17,2014,18,37,30,1440,331,1109,Normal Test,0.000,0.000,0.0,31.68,532.4,100.00,0.000,563.502,473.58,568.493,111.410,0.00,0.000,0.000,0.0,32.01,523.07,100.00,0.000,0.000,556.876,127.334,0,471.99,112.044,+BIG,0.000,0.000
2014/05/18,00:09:35,636N-20,,5,17,2014,18,37,30,1440,332,1108,Normal Test,0.000,0.000,0.0,32.09,532.4,100.00,0.000,571.932,473.82,571.074,113.077,0.00,0.000,0.000,0.0,32.01,523.07,100.00,0.000,0.000,556.878,127.373,0,471.99,112.044,+BIG,0.000,0.000
2014/05/18,00:09:40,636N-20,,5,17,2014,18,37,30,1440,332,1108,Normal Test,0.000,0.000,0.0,32.28,532.4,100.00,0.000,569.446,473.58,569.446,112.585,0.00,0.000,0.000,0.0,32.01,523.07,100.00,0.000,0.000,556.882,127.400,0,471.99,112.044,+BIG,0.000,0.000
2014/05/18,00:09:45,636N-20,,5,17,2014,18,37,30,1440,332,1108,Normal Test,0.000,0.000,0.0,32.19,532.4,100.00,0.000,568.041,473.34,567.392,112.308,0.00,0.000,0.000,0.0,32.01,523.07,100.00,0.000,0.000,556.884,127.432,0,471.99,112.044,+BIG,0.000,0.000
2014/05/18,00:09:50,636N-20,,5,17,2014,18,37,30,1440,332,1108,Normal Test,0.000,0.000,0.0,32.28,531.6,100.00,0.000,568.916,474.55,566.246,112.650,0.00,0.000,0.000,0.0,32.01,523.07,100.00,0.000,0.000,556.887,127.472,0,471.99,112.044,+BIG,0.000,0.000
2014/05/18,00:09:55,636N-20,,5,17,2014,18,37,30,1440,332,1108,Normal Test,0.000,0.000,0.0,32.12,532.4,100.00,0.000,571.175,474.79,571.175,112.927,0.00,0.000,0.000,0.0,32.01,523.08,100.00,0.000,0.000,556.890,127.498,0,471.99,112.044,+BIG,0.000,0.000
2014/05/18,00:10:00,636N-20,,5,17,2014,18,37,30,1440,332,1108,Normal Test,0.000,0.000,0.0,32.53,532.4,100.00,0.000,567.392,473.82,569.662,112.179,0.00,0.000,0.000,0.0,32.01,523.08,100.00,0.000,0.000,556.893,127.524,0,471.99,112.045,+BIG,0.000,0.000
2014/05/18,00:10:05,636N-20,,5,17,2014,18,37,30,1440,332,1108,Normal Test,0.000,0.000,0.0,31.79,532.4,100.00,0.000,566.636,473.34,566.636,111.859,0.00,0.000,0.000,0.0,32.01,523.08,100.00,0.000,0.000,556.895,127.564,0,471.99,112.045,+BIG,0.000,0.000
2014/05/18,00:10:10,636N-20,,5,17,2014,18,37,30,1440,332,1108,Normal Test,0.000,0.000,0.0,31.77,532.4,100.00,0.000,567.933,473.10,567.933,112.286,0.00,0.000,0.000,0.0,32.01,523.08,100.00,0.000,0.000,556.898,127.597,0,471.99,112.045,+BIG,0.000,0.000
2014/05/18,00:10:15,636N-20,,5,17,2014,18,37,30,1440,332,1108,Normal Test,0.000,0.000,0.0,31.54,532.4,100.00,0.000,567.933,473.10,568.149,112.286,0.00,0.000,0.000,0.0,32.01,523.09,100.00,0.000,0.000,556.901,127.630,0,471.99,112.045,+BIG,0.000,0.000
2014/05/18,00:10:20,636N-20,,5,17,2014,18,37,30,1440,332,1108,Normal Test,0.000,0.000,0.0,31.96,532.4,100.00,0.000,569.662,474.55,567.100,112.628,0.00,0.000,0.000,0.0,32.01,523.09,100.00,0.000,0.000,556.903,127.663,0,471.99,112.045,+BIG,0.000,0.000
2014/05/18,00:10:25,636N-20,,5,17,2014,18,37,30,1440,332,1108,Normal Test,0.000,0.000,0.0,32.29,532.4,100.00,0.000,568.484,474.31,568.700,112.564,0.00,0.000,0.000,0.0,32.01,523.09,100.00,0.000,0.000,556.906,127.695,0,471.99,112.045,+BIG,0.000,0.000
2014/05/18,00:10:30,636N-20,,5,17,2014,18,37,30,1440,332,1108,Normal Test,0.000,0.000,0.0,32.27,531.6,100.00,0.000,568.277,474.55,568.277,112.692,0.00,0.000,0.000,0.0,32.01,523.09,100.00,0.000,0.000,556.909,127.722,0,471.99,112.045,+BIG,0.000,0.000
2014/05/18,00:10:35,636N-20,,5,17,2014,18,37,30,1440,332,1108,Normal Test,0.000,0.000,0.0,31.86,530.8,100.00,0.000,566.014,473.34,566.014,112.244,0.00,0.000,0.000,0.0,32.01,523.09,100.00,0.000,0.000,556.912,127.761,0,471.99,112.045,+BIG,0.000,0.000
2014/05/18,00:10:40,636N-20,,5,17,2014,18,37,30,1440,333,1107,Normal Test,0.000,0.000,0.0,31.81,529.1,100.00,0.000,564.205,473.82,564.205,112.222,0.00,0.000,0.000,0.0,32.01,523.10,100.00,0.000,0.000,556.914,127.794,0,471.99,112.045,+BIG,0.000,0.000
2014/05/18,00:10:45,636N-20,,5,17,2014,18,37,30,1440,333,1107,Normal Test,0.000,0.000,0.0,32.16,532.4,100.00,0.000,568.905,473.34,568.052,112.479,0.00,0.000,0.000,0.0,32.01,523.10,100.00,0.000,0.000,556.917,127.827,0,471.99,112.045,+BIG,0.000,0.000
2014/05/18,00:10:50,636N-20,,5,17,2014,18,37,30,1440,333,1107,Normal Test,0.000,0.000,0.0,32.43,532.4,100.00,0.000,567.933,472.62,567.933,112.286,0.00,0.000,0.000,0.0,32.01,523.10,100.00,0.000,0.000,556.920,127.853,0,471.99,112.045,+BIG,0.000,0.000
2014/05/18,00:10:55,636N-20,,5,17,2014,18,37,30,1440,333,1107,Normal Test,0.000,0.000,0.0,32.01,532.4,100.00,0.000,567.933,472.86,567.933,112.286,0.00,0.000,0.000,0.0,32.01,523.10,100.00,0.000,0.000,556.923,127.892,0,471.99,112.045,+BIG,0.000,0.000
2014/05/18,00:11:00,636N-20,,5,17,2014,18,37,30,1440,333,1107,Normal Test,0.000,0.000,0.0,31.98,532.4,100.00,0.000,567.500,473.58,567.500,112.051,0.00,0.000,0.000,0.0,32.01,523.10,100.00,0.000,0.000,556.925,127.925,0,471.99,112.046,+BIG,0.000,0.000
2014/05/18,00:11:05,636N-20,,5,17,2014,18,37,30,1440,333,1107,Normal Test,0.000,0.000,0.0,31.97,532.4,100.00,0.000,565.429,473.10,564.582,111.859,0.00,0.000,0.000,0.0,32.01,523.11,100.00,0.000,0.000,556.928,127.952,0,471.99,112.046,+BIG,0.000,0.000
2014/05/18,00:11:10,636N-20,,5,17,2014,18,37,30,1440,333,1107,Normal Test,0.000,0.000,0.0,32.38,532.4,100.00,0.000,573.336,474.06,572.477,113.355,0.00,0.000,0.000,0.0,32.01,523.11,100.00,0.000,0.000,556.931,127.991,0,472.00,112.046,+BIG,0.000,0.000
2014/05/18,00:11:15,636N-20,,5,17,2014,18,37,30,1440,333,1107,Normal Test,0.000,0.000,0.0,31.91,531.6,100.00,0.000,567.284,472.86,567.392,112.158,0.00,0.000,0.000,0.0,32.01,523.11,100.00,0.000,0.000,556.933,128.024,0,472.00,112.046,+BIG,0.000,0.000
2014/05/18,00:11:20,636N-20,,5,17,2014,18,37,30,1440,333,1107,Normal Test,0.000,0.000,0.0,32.23,530.8,100.00,0.000,567.200,474.06,568.052,112.479,0.00,0.000,0.000,0.0,32.01,523.11,100.00,0.000,0.000,556.936,128.050,0,472.00,112.046,+BIG,0.000,0.000
2014/05/18,00:11:25,636N-20,,5,17,2014,18,37,30,1440,333,1107,Normal Test,0.000,0.000,0.0,31.84,529.1,100.00,0.000,565.123,474.55,564.276,111.731,0.00,0.000,0.000,0.0,32.01,523.12,100.00,0.000,0.000,556.939,128.083,0,472.00,112.046,+BIG,0.000,0.000
2014/05/18,00:11:30,636N-20,,5,17,2014,18,37,30,1440,333,1107,Normal Test,0.000,0.000,0.0,31.89,533.2,100.00,0.000,566.295,473.10,565.447,111.795,0.00,0.000,0.000,0.0,32.01,523.12,100.00,0.000,0.000,556.942,128.122,0,472.00,112.046,+BIG,0.000,0.000
2014/05/18,00:11:35,636N-20,,5,17,2014,18,37,30,1440,334,1106,Normal Test,0.000,0.000,0.0,32.09,531.6,100.00,0.000,568.700,472.86,568.700,112.607,0.00,0.000,0.000,0.0,32.01,523.12,100.00,0.000,0.000,556.944,128.155,0,472.00,112.046,+BIG,0.000,0.000
2014/05/18,00:11:40,636N-20,,5,17,2014,18,37,30,1440,334,1106,Normal Test,0.000,0.000,0.0,32.22,532.4,100.00,0.000,568.160,473.58,569.013,112.500,0.00,0.000,0.000,0.0,32.01,523.12,100.00,0.000,0.000,556.946,128.182,0,472.00,112.046,+BIG,0.000,0.000
2014/05/18,00:11:45,636N-20,,5,17,2014,18,37,30,1440,334,1106,Normal Test,0.000,0.000,0.0,31.62,531.6,100.00,0.000,565.879,472.86,565.031,111.880,0.00,0.000,0.000,0.0,32.01,523.13,100.00,0.000,0.000,556.949,128.214,0,472.00,112.046,+BIG,0.000,0.000
2014/05/18,00:11:50,636N-20,,5,17,2014,18,37,30,1440,334,1106,Normal Test,0.000,0.000,0.0,31.95,530.0,100.00,0.000,561.519,473.34,561.519,111.688,0.00,0.000,0.000,0.0,32.01,523.13,100.00,0.000,0.000,556.952,128.254,0,472.00,112.046,+BIG,0.000,0.000
2014/05/18,00:11:55,636N-20,,5,17,2014,18,37,30,1440,334,1106,Normal Test,0.000,0.000,0.0,32.07,531.6,100.00,0.000,570.966,473.34,565.879,113.056,0.00,0.000,0.000,0.0,32.01,523.13,100.00,0.000,0.000,556.954,128.280,0,472.00,112.046,+BIG,0.000,0.000
2014/05/18,00:12:00,636N-20,,5,17,2014,18,37,30,1440,334,1106,Normal Test,0.000,0.000,0.0,32.64,532.4,100.00,0.000,569.024,473.58,569.878,112.671,0.00,0.000,0.000,0.0,32.01,523.13,100.00,0.000,0.000,556.958,128.313,0,472.00,112.046,+BIG,0.000,0.000
2014/05/18,00:12:05,636N-20,,5,17,2014,18,37,30,1440,334,1106,Normal Test,0.000,0.000,0.0,31.98,534.0,100.00,0.000,570.733,474.55,571.587,112.756,0.00,0.000,0.000,0.0,32.01,523.13,100.00,0.000,0.000,556.960,128.353,0,472.00,112.046,+BIG,0.000,0.000
2014/05/18,00:12:10,636N-20,,5,17,2014,18,37,30,1440,334,1106,Normal Test,0.000,0.000,0.0,32.17,533.2,100.00,0.000,568.149,474.55,569.001,112.329,0.00,0.000,0.000,0.0,32.01,523.14,100.00,0.000,0.000,556.963,128.379,0,472.00,112.046,+BIG,0.000,0.000
2014/05/18,00:12:15,636N-20,,5,17,2014,18,37,30,1440,334,1106,Normal Test,0.000,0.000,0.0,32.09,532.4,100.00,0.000,567.609,474.55,567.609,112.222,0.00,0.000,0.000,0.0,32.01,523.14,100.00,0.000,0.000,556.966,128.412,0,472.00,112.047,+BIG,0.000,0.000
2014/05/18,00:12:20,636N-20,,5,17,2014,18,37,30,1440,334,1106,Normal Test,0.000,0.000,0.0,31.96,531.6,100.00,0.000,569.554,473.34,567.189,112.607,0.00,0.000,0.000,0.0,32.01,523.14,100.00,0.000,0.000,556.969,128.438,0,472.00,112.047,+BIG,0.000,0.000
2014/05/18,00:12:25,636N-20,,5,17,2014,18,37,30,1440,334,1106,Normal Test,0.000,0.000,0.0,31.47,531.6,100.00,0.000,567.297,473.34,567.297,112.329,0.00,0.000,0.000,0.0,32.01,523.14,100.00,0.000,0.000,556.972,128.477,0,472.00,112.047,+BIG,0.000,0.000
2014/05/18,00:12:30,636N-20,,5,17,2014,18,37,30,1440,334,1106,Normal Test,0.000,0.000,0.0,31.84,530.0,100.00,0.000,566.992,474.06,566.992,112.607,0.00,0.000,0.000,0.0,32.01,523.14,100.00,0.000,0.000,556.975,128.504,0,472.00,112.047,+BIG,0.000,0.000
2014/05/18,00:12:35,636N-20,,5,17,2014,18,37,30,1440,334,1106,Normal Test,0.000,0.000,0.0,31.57,530.8,100.00,0.000,563.227,473.58,564.075,111.859,0.00,0.000,0.000,0.0,32.01,523.15,100.00,0.000,0.000,556.977,128.543,0,472.00,112.047,+BIG,0.000,0.000
2014/05/18,00:12:40,636N-20,,5,17,2014,18,37,30,1440,335,1105,Normal Test,0.000,0.000,0.0,32.22,531.6,100.00,0.000,566.758,473.10,566.338,112.222,0.00,0.000,0.000,0.0,32.01,523.15,100.00,0.000,0.000,556.979,128.576,0,472.00,112.047,+BIG,0.000,0.000
2014/05/18,00:12:45,636N-20,,5,17,2014,18,37,30,1440,335,1105,Normal Test,0.000,0.000,0.0,31.99,531.6,100.00,0.000,563.844,474.06,563.844,111.645,0.00,0.000,0.000,0.0,32.01,523.15,100.00,0.000,0.000,556.981,128.609,0,472.00,112.047,+BIG,0.000,0.000
2014/05/18,00:12:50,636N-20,,5,17,2014,18,37,30,1440,335,1105,Normal Test,0.000,0.000,0.0,31.98,530.8,100.00,0.000,568.041,473.10,567.189,112.457,0.00,0.000,0.000,0.0,32.01,523.15,100.00,0.000,0.000,556.984,128.642,0,472.00,112.047,+BIG,0.000,0.000
2014/05/18,00:12:55,636N-20,,5,17,2014,18,37,30,1440,335,1105,Normal Test,0.000,0.000,0.0,32.53,531.6,100.00,0.000,567.315,473.58,568.708,112.671,0.00,0.000,0.000,0.0,32.01,523.15,100.00,0.000,0.000,556.987,128.668,0,472.00,112.047,+BIG,0.000,0.000
2014/05/18,00:13:00,636N-20,,5,17,2014,18,37,30,1440,335,1105,Normal Test,0.000,0.000,0.0,32.49,531.6,100.00,0.000,569.013,473.34,568.160,112.500,0.00,0.000,0.000,0.0,32.01,523.16,100.00,0.000,0.000,556.989,128.707,0,472.00,112.047,+BIG,0.000,0.000
2014/05/18,00:13:05,636N-20,,5,17,2014,18,37,30,1440,335,1105,Normal Test,0.000,0.000,0.0,31.35,529.1,100.00,0.000,562.271,473.10,565.031,111.838,0.00,0.000,0.000,0.0,32.01,523.16,100.00,0.000,0.000,556.992,128.733,0,472.00,112.048,+BIG,0.000,0.000
2014/05/18,00:13:10,636N-20,,5,17,2014,18,37,30,1440,335,1105,Normal Test,0.000,0.000,0.0,31.97,532.4,100.00,0.000,562.765,474.55,560.230,111.432,0.00,0.000,0.000,0.0,32.01,523.16,100.00,0.000,0.000,556.994,128.773,0,472.00,112.048,+BIG,0.000,0.000
2014/05/18,00:13:15,636N-20,,5,17,2014,18,37,30,1440,335,1105,Normal Test,0.000,0.000,0.0,32.91,531.6,100.00,0.000,568.824,473.82,570.540,113.141,0.00,0.000,0.000,0.0,32.01,523.16,100.00,0.000,0.000,556.997,128.799,0,472.01,112.048,+BIG,0.000,0.000
2014/05/18,00:13:20,636N-20,,5,17,2014,18,37,30,1440,335,1105,Normal Test,0.000,0.000,0.0,32.63,534.8,100.00,0.000,574.201,472.86,574.201,113.526,0.00,0.000,0.000,0.0,32.01,523.16,100.00,0.000,0.000,556.999,128.839,0,472.01,112.048,+BIG,0.000,0.000
2014/05/18,00:13:25,636N-20,,5,17,2014,18,37,30,1440,335,1105,Normal Test,0.000,0.000,0.0,32.38,534.0,100.00,0.000,569.094,473.82,569.944,112.179,0.00,0.000,0.000,0.0,32.01,523.17,100.00,0.000,0.000,557.002,128.865,0,472.01,112.048,+BIG,0.000,0.000
2014/05/18,00:13:30,636N-20,,5,17,2014,18,37,30,1440,335,1105,Normal Test,0.000,0.000,0.0,32.18,533.2,100.00,0.000,571.045,473.58,571.045,112.564,0.00,0.000,0.000,0.0,32.01,523.17,100.00,0.000,0.000,557.005,128.904,0,472.01,112.048,+BIG,0.000,0.000
2014/05/18,00:13:35,636N-20,,5,17,2014,18,37,30,1440,335,1105,Normal Test,0.000,0.000,0.0,31.97,532.4,100.00,0.000,565.663,473.10,565.663,111.838,0.00,0.000,0.000,0.0,32.01,523.17,100.00,0.000,0.000,557.008,128.931,0,472.01,112.048,+BIG,0.000,0.000
2014/05/18,00:13:40,636N-20,,5,17,2014,18,37,30,1440,336,1104,Normal Test,0.000,0.000,0.0,31.95,532.4,100.00,0.000,565.663,473.10,565.663,111.838,0.00,0.000,0.000,0.0,32.01,523.17,100.00,0.000,0.000,557.011,128.964,0,472.01,112.048,+BIG,0.000,0.000
2014/05/18,00:13:45,636N-20,,5,17,2014,18,37,30,1440,336,1104,Normal Test,0.000,0.000,0.0,32.32,530.8,100.00,0.000,569.254,473.58,572.688,113.227,0.00,0.000,0.000,0.0,32.01,523.18,100.00,0.000,0.000,557.014,129.003,0,472.01,112.048,+BIG,0.000,0.000
2014/05/18,00:13:50,636N-20,,5,17,2014,18,37,30,1440,336,1104,Normal Test,0.000,0.000,0.0,31.99,534.0,100.00,0.000,568.660,473.82,568.660,112.094,0.00,0.000,0.000,0.0,32.01,523.18,100.00,0.000,0.000,557.017,129.036,0,472.01,112.048,+BIG,0.000,0.000
2014/05/18,00:13:55,636N-20,,5,17,2014,18,37,30,1440,336,1104,Normal Test,0.000,0.000,0.0,32.01,534.0,100.00,0.000,568.135,473.58,573.547,112.158,0.00,0.000,0.000,0.0,32.01,523.18,100.00,0.000,0.000,557.020,129.062,0,472.01,112.048,+BIG,0.000,0.000
2014/05/18,00:14:00,636N-20,,5,17,2014,18,37,30,1440,336,1104,Normal Test,0.000,0.000,0.0,32.11,532.4,100.00,0.000,569.527,474.31,568.552,112.265,0.00,0.000,0.000,0.0,32.01,523.18,100.00,0.000,0.000,557.023,129.095,0,472.01,112.048,+BIG,0.000,0.000
2014/05/18,00:14:05,636N-20,,5,17,2014,18,37,30,1440,336,1104,Normal Test,0.000,0.000,0.0,31.85,534.0,100.00,0.000,569.310,473.10,569.310,112.222,0.00,0.000,0.000,0.0,32.01,523.19,100.00,0.000,0.000,557.027,129.128,0,472.01,112.049,+BIG,0.000,0.000
2014/05/18,00:14:10,636N-20,,5,17,2014,18,37,30,1440,336,1104,Normal Test,0.000,0.000,0.0,31.78,531.6,100.00,0.000,566.758,473.58,567.609,112.222,0.00,0.000,0.000,0.0,32.01,523.19,100.00,0.000,0.000,557.030,129.161,0,472.01,112.049,+BIG,0.000,0.000
2014/05/18,00:14:15,636N-20,,5,17,2014,18,37,30,1440,336,1104,Normal Test,0.000,0.000,0.0,31.64,532.4,100.00,0.000,564.168,473.58,561.626,111.709,0.00,0.000,0.000,0.0,32.01,523.19,100.00,0.000,0.000,557.033,129.201,0,472.01,112.049,+BIG,0.000,0.000
2014/05/18,00:14:20,636N-20,,5,17,2014,18,37,30,1440,336,1104,Normal Test,0.000,0.000,0.0,32.51,533.2,100.00,0.000,569.013,473.34,569.013,112.500,0.00,0.000,0.000,0.0,32.01,523.19,100.00,0.000,0.000,557.036,129.221,0,472.01,112.049,+BIG,0.000,0.000
2014/05/18,00:14:25,636N-20,,5,17,2014,18,37,30,1440,336,1104,Normal Test,0.000,0.000,0.0,31.32,533.2,100.00,0.000,566.709,474.55,565.862,111.709,0.00,0.000,0.000,0.0,32.01,523.20,100.00,0.000,0.000,557.038,129.260,0,472.01,112.049,+BIG,0.000,0.000
2014/05/18,00:14:30,636N-20,,5,17,2014,18,37,30,1440,336,1104,Normal Test,0.000,0.000,0.0,32.62,532.4,100.00,0.000,569.446,474.79,568.592,112.585,0.00,0.000,0.000,0.0,32.01,523.20,100.00,0.000,0.000,557.041,129.293,0,472.01,112.049,+BIG,0.000,0.000
2014/05/18,00:14:35,636N-20,,5,17,2014,18,37,30,1440,337,1103,Normal Test,0.000,0.000,0.0,31.99,532.4,100.00,0.000,569.878,473.82,569.878,112.671,0.00,0.000,0.000,0.0,32.01,523.20,100.00,0.000,0.000,557.045,129.326,0,472.01,112.049,+BIG,0.000,0.000
2014/05/18,00:14:40,636N-20,,5,17,2014,18,37,30,1440,337,1103,Normal Test,0.000,0.000,0.0,32.13,533.2,100.00,0.000,567.702,473.82,566.852,112.073,0.00,0.000,0.000,0.0,32.01,523.20,100.00,0.000,0.000,557.046,129.359,0,472.01,112.049,+BIG,0.000,0.000
2014/05/18,00:14:45,636N-20,,5,17,2014,18,37,30,1440,337,1103,Normal Test,0.000,0.000,0.0,31.97,530.8,100.00,0.000,565.799,474.31,567.500,112.265,0.00,0.000,0.000,0.0,32.01,523.20,100.00,0.000,0.000,557.050,129.392,0,472.01,112.050,+BIG,0.000,0.000
2014/05/18,00:14:50,636N-20,,5,17,2014,18,37,30,1440,337,1103,Normal Test,0.000,0.000,0.0,31.75,531.6,100.00,0.000,565.231,474.31,566.187,111.752,0.00,0.000,0.000,0.0,32.01,523.21,100.00,0.000,0.000,557.053,129.418,0,472.01,112.050,+BIG,0.000,0.000
2014/05/18,00:14:55,636N-20,,5,17,2014,18,37,30,1440,337,1103,Normal Test,0.000,0.000,0.0,32.27,532.4,100.00,0.000,572.688,473.58,572.688,113.227,0.00,0.000,0.000,0.0,32.01,523.21,100.00,0.000,0.000,557.056,129.451,0,472.01,112.050,+BIG,0.000,0.000
2014/05/18,00:15:00,636N-20,,5,17,2014,18,37,30,1440,337,1103,Normal Test,0.000,0.000,0.0,32.19,532.4,100.00,0.000,574.633,474.31,574.633,113.611,0.00,0.000,0.000,0.0,32.01,523.21,100.00,0.000,0.000,557.059,129.491,0,472.01,112.050,+BIG,0.000,0.000
2014/05/18,00:15:05,636N-20,,5,17,2014,18,37,30,1440,337,1103,Normal Test,0.000,0.000,0.0,31.98,532.4,100.00,0.000,565.879,474.79,565.879,111.880,0.00,0.000,0.000,0.0,32.01,523.21,100.00,0.000,0.000,557.062,129.523,0,472.01,112.050,+BIG,0.000,0.000
2014/05/18,00:15:10,636N-20,,5,17,2014,18,37,30,1440,337,1103,Normal Test,0.000,0.000,0.0,31.96,531.6,100.00,0.000,562.657,473.58,563.502,111.410,0.00,0.000,0.000,0.0,32.01,523.22,100.00,0.000,0.000,557.065,129.556,0,472.02,112.050,+BIG,0.000,0.000
2014/05/18,00:15:15,636N-20,,5,17,2014,18,37,30,1440,337,1103,Normal Test,0.000,0.000,0.0,31.44,530.0,100.00,0.000,566.542,473.58,567.392,112.179,0.00,0.000,0.000,0.0,32.01,523.22,100.00,0.000,0.000,557.067,129.583,0,472.02,112.050,+BIG,0.000,0.000
2014/05/18,00:15:20,636N-20,,5,17,2014,18,37,30,1440,337,1103,Normal Test,0.000,0.000,0.0,32.24,532.4,100.00,0.000,567.933,474.31,566.230,112.286,0.00,0.000,0.000,0.0,32.01,523.22,100.00,0.000,0.000,557.070,129.616,0,472.02,112.050,+BIG,0.000,0.000
2014/05/18,00:15:25,636N-20,,5,17,2014,18,37,30,1440,337,1103,Normal Test,0.000,0.000,0.0,31.37,530.0,100.00,0.000,566.636,474.31,564.087,111.859,0.00,0.000,0.000,0.0,32.01,523.22,100.00,0.000,0.000,557.073,129.648,0,472.02,112.050,+BIG,0.000,0.000
2014/05/18,00:15:30,636N-20,,5,17,2014,18,37,30,1440,337,1103,Normal Test,0.000,0.000,0.0,32.02,531.6,100.00,0.000,570.319,474.06,570.319,112.927,0.00,0.000,0.000,0.0,32.01,523.22,100.00,0.000,0.000,557.076,129.688,0,472.02,112.051,+BIG,0.000,0.000
2014/05/18,00:15:35,636N-20,,5,17,2014,18,37,30,1440,338,1102,Normal Test,0.000,0.000,0.0,31.90,532.4,100.00,0.000,569.230,472.38,569.230,112.543,0.00,0.000,0.000,0.0,32.01,523.23,100.00,0.000,0.000,557.078,129.721,0,472.02,112.051,+BIG,0.000,0.000
2014/05/18,00:15:40,636N-20,,5,17,2014,18,37,30,1440,338,1102,Normal Test,0.000,0.000,0.0,31.63,530.0,100.00,0.000,567.825,474.31,567.825,112.265,0.00,0.000,0.000,0.0,32.01,523.23,100.00,0.000,0.000,557.081,129.747,0,472.02,112.051,+BIG,0.000,0.000
2014/05/18,00:15:45,636N-20,,5,17,2014,18,37,30,1440,338,1102,Normal Test,0.000,0.000,0.0,32.28,532.4,100.00,0.000,569.455,473.82,569.455,112.756,0.00,0.000,0.000,0.0,32.01,523.23,100.00,0.000,0.000,557.083,129.780,0,472.02,112.051,+BIG,0.000,0.000
2014/05/18,00:15:50,636N-20,,5,17,2014,18,37,30,1440,338,1102,Normal Test,0.000,0.000,0.0,32.08,530.0,100.00,0.000,567.392,473.58,566.542,112.179,0.00,0.000,0.000,0.0,32.01,523.23,100.00,0.000,0.000,557.086,129.813,0,472.02,112.051,+BIG,0.000,0.000
2014/05/18,00:15:55,636N-20,,5,17,2014,18,37,30,1440,338,1102,Normal Test,0.000,0.000,0.0,31.53,531.6,100.00,0.000,568.160,473.10,568.160,112.500,0.00,0.000,0.000,0.0,32.01,523.23,100.00,0.000,0.000,557.088,129.846,0,472.02,112.051,+BIG,0.000,0.000
2014/05/18,00:16:00,636N-20,,5,17,2014,18,37,30,1440,338,1102,Normal Test,0.000,0.000,0.0,31.85,529.1,100.00,0.000,567.965,473.34,567.965,112.970,0.00,0.000,0.000,0.0,32.01,523.24,100.00,0.000,0.000,557.091,129.885,0,472.02,112.051,+BIG,0.000,0.000
2014/05/18,00:16:05,636N-20,,5,17,2014,18,37,30,1440,338,1102,Normal Test,0.000,0.000,0.0,32.11,531.6,100.00,0.000,567.500,473.10,566.650,112.201,0.00,0.000,0.000,0.0,32.01,523.24,100.00,0.000,0.000,557.093,129.911,0,472.02,112.051,+BIG,0.000,0.000
2014/05/18,00:16:10,636N-20,,5,17,2014,18,37,30,1440,338,1102,Normal Test,0.000,0.000,0.0,32.17,531.6,100.00,0.000,571.067,473.82,571.067,112.906,0.00,0.000,0.000,0.0,32.01,523.24,100.00,0.000,0.000,557.095,129.944,0,472.02,112.051,+BIG,0.000,0.000
2014/05/18,00:16:15,636N-20,,5,17,2014,18,37,30,1440,338,1102,Normal Test,0.000,0.000,0.0,31.85,532.4,100.00,0.000,567.500,473.82,567.500,112.479,0.00,0.000,0.000,0.0,32.01,523.24,100.00,0.000,0.000,557.097,129.977,0,472.02,112.051,+BIG,0.000,0.000
2014/05/18,00:16:20,636N-20,,5,17,2014,18,37,30,1440,338,1102,Normal Test,0.000,0.000,0.0,32.72,532.4,100.00,0.000,569.770,473.34,566.353,112.692,0.00,0.000,0.000,0.0,32.01,523.24,100.00,0.000,0.000,557.099,130.009,0,472.02,112.051,+BIG,0.000,0.000
2014/05/18,00:16:25,636N-20,,5,17,2014,18,37,30,1440,338,1102,Normal Test,0.000,0.000,0.0,31.91,533.2,100.00,0.000,567.339,473.58,564.799,111.667,0.00,0.000,0.000,0.0,32.01,523.25,100.00,0.000,0.000,557.103,130.049,0,472.02,112.051,+BIG,0.000,0.000
2014/05/18,00:16:30,636N-20,,5,17,2014,18,37,30,1440,338,1102,Normal Test,0.000,0.000,0.0,32.22,534.0,100.00,0.000,568.335,474.31,566.218,112.970,0.00,0.000,0.000,0.0,32.01,523.25,100.00,0.000,0.000,557.105,130.069,0,472.02,112.051,+BIG,0.000,0.000
2014/05/18,00:16:35,636N-20,,5,17,2014,18,37,30,1440,338,1102,Normal Test,0.000,0.000,0.0,32.70,531.6,100.00,0.000,569.419,473.34,569.419,112.244,0.00,0.000,0.000,0.0,32.01,523.25,100.00,0.000,0.000,557.109,130.108,0,472.02,112.051,+BIG,0.000,0.000
2014/05/18,00:16:40,636N-20,,5,17,2014,18,37,30,1440,339,1101,Normal Test,0.000,0.000,0.0,31.76,534.8,100.00,0.000,571.356,473.58,570.503,112.457,0.00,0.000,0.000,0.0,32.01,523.25,100.00,0.000,0.000,557.112,130.141,0,472.02,112.051,+BIG,0.000,0.000
2014/05/18,00:16:45,636N-20,,5,17,2014,18,37,30,1440,339,1101,Normal Test,0.000,0.000,0.0,31.94,534.8,100.00,0.000,567.556,473.58,566.709,111.709,0.00,0.000,0.000,0.0,32.01,523.26,100.00,0.000,0.000,557.115,130.174,0,472.02,112.051,+BIG,0.000,0.000
2014/05/18,00:16:50,636N-20,,5,17,2014,18,37,30,1440,339,1101,Normal Test,0.000,0.000,0.0,32.11,533.2,100.00,0.000,575.489,474.06,575.056,113.440,0.00,0.000,0.000,0.0,32.01,523.26,100.00,0.000,0.000,557.118,130.201,0,472.02,112.051,+BIG,0.000,0.000
2014/05/18,00:16:55,636N-20,,5,17,2014,18,37,30,1440,339,1101,Normal Test,0.000,0.000,0.0,32.34,534.8,100.00,0.000,572.875,474.55,572.021,112.756,0.00,0.000,0.000,0.0,32.01,523.26,100.00,0.000,0.000,557.122,130.240,0,472.02,112.052,+BIG,0.000,0.000
2014/05/18,00:17:00,636N-20,,5,17,2014,18,37,30,1440,339,1101,Normal Test,0.000,0.000,0.0,31.76,532.4,100.00,0.000,572.472,474.31,573.330,113.184,0.00,0.000,0.000,0.0,32.01,523.26,100.00,0.000,0.000,557.125,130.273,0,472.02,112.052,+BIG,0.000,0.000
2014/05/18,00:17:05,636N-20,,5,17,2014,18,37,30,1440,339,1101,Normal Test,0.000,0.000,0.0,32.32,531.6,100.00,0.000,566.528,473.82,566.528,112.009,0.00,0.000,0.000,0.0,32.01,523.27,100.00,0.000,0.000,557.128,130.306,0,472.02,112.052,+BIG,0.000,0.000
2014/05/18,00:17:10,636N-20,,5,17,2014,18,37,30,1440,339,1101,Normal Test,0.000,0.000,0.0,31.51,533.2,100.00,0.000,566.620,474.06,565.771,111.859,0.00,0.000,0.000,0.0,32.01,523.27,100.00,0.000,0.000,557.131,130.339,0,472.03,112.052,+BIG,0.000,0.000
2014/05/18,00:17:15,636N-20,,5,17,2014,18,37,30,1440,339,1101,Normal Test,0.000,0.000,0.0,31.97,532.4,100.00,0.000,572.040,474.06,572.040,113.120,0.00,0.000,0.000,0.0,32.01,523.27,100.00,0.000,0.000,557.134,130.372,0,472.03,112.052,+BIG,0.000,0.000
2014/05/18,00:17:20,636N-20,,5,17,2014,18,37,30,1440,339,1101,Normal Test,0.000,0.000,0.0,31.58,533.2,100.00,0.000,571.153,474.31,568.797,112.585,0.00,0.000,0.000,0.0,32.01,523.27,100.00,0.000,0.000,557.137,130.405,0,472.03,112.052,+BIG,0.000,0.000
2014/05/18,00:17:25,636N-20,,5,17,2014,18,37,30,1440,339,1101,Normal Test,0.000,0.000,0.0,32.33,532.4,100.00,0.000,571.499,473.10,568.929,112.991,0.00,0.000,0.000,0.0,32.01,523.28,100.00,0.000,0.000,557.140,130.438,0,472.03,112.052,+BIG,0.000,0.000
2014/05/18,00:17:30,636N-20,,5,17,2014,18,37,30,1440,339,1101,Normal Test,0.000,0.000,0.0,31.90,532.4,100.00,0.000,569.013,473.58,569.867,112.500,0.00,0.000,0.000,0.0,32.01,523.28,100.00,0.000,0.000,557.143,130.464,0,472.03,112.052,+BIG,0.000,0.000
2014/05/18,00:17:35,636N-20,,5,17,2014,18,37,30,1440,340,1100,Normal Test,0.000,0.000,0.0,31.87,532.4,100.00,0.000,568.376,473.58,570.083,112.543,0.00,0.000,0.000,0.0,32.01,523.28,100.00,0.000,0.000,557.146,130.497,0,472.03,112.052,+BIG,0.000,0.000
2014/05/18,00:17:40,636N-20,,5,17,2014,18,37,30,1440,340,1100,Normal Test,0.000,0.000,0.0,32.05,532.4,100.00,0.000,569.446,474.06,569.446,112.585,0.00,0.000,0.000,0.0,32.01,523.28,100.00,0.000,0.000,557.148,130.530,0,472.03,112.052,+BIG,0.000,0.000
2014/05/18,00:17:45,636N-20,,5,17,2014,18,37,30,1440,340,1100,Normal Test,0.000,0.000,0.0,32.02,531.6,100.00,0.000,572.148,474.79,572.148,113.120,0.00,0.000,0.000,0.0,32.01,523.28,100.00,0.000,0.000,557.151,130.563,0,472.03,112.053,+BIG,0.000,0.000
2014/05/18,00:17:50,636N-20,,5,17,2014,18,37,30,1440,340,1100,Normal Test,0.000,0.000,0.0,31.58,533.2,100.00,0.000,567.810,474.31,567.810,112.094,0.00,0.000,0.000,0.0,32.01,523.29,100.00,0.000,0.000,557.154,130.596,0,472.03,112.053,+BIG,0.000,0.000
2014/05/18,00:17:55,636N-20,,5,17,2014,18,37,30,1440,340,1100,Normal Test,0.000,0.000,0.0,32.18,532.4,100.00,0.000,571.715,472.86,571.715,113.034,0.00,0.000,0.000,0.0,32.01,523.29,100.00,0.000,0.000,557.157,130.629,0,472.03,112.053,+BIG,0.000,0.000
2014/05/18,00:18:00,636N-20,,5,17,2014,18,37,30,1440,340,1100,Normal Test,0.000,0.000,0.0,32.31,532.4,100.00,0.000,571.175,473.58,570.319,112.927,0.00,0.000,0.000,0.0,32.01,523.29,100.00,0.000,0.000,557.160,130.662,0,472.03,112.053,+BIG,0.000,0.000
2014/05/18,00:18:05,636N-20,,5,17,2014,18,37,30,1440,340,1100,Normal Test,0.000,0.000,0.0,31.94,532.4,100.00,0.000,564.060,473.82,564.060,111.688,0.00,0.000,0.000,0.0,32.01,523.29,100.00,0.000,0.000,557.162,130.695,0,472.03,112.053,+BIG,0.000,0.000
2014/05/18,00:18:10,636N-20,,5,17,2014,18,37,30,1440,340,1100,Normal Test,0.000,0.000,0.0,32.42,530.0,100.00,0.000,565.593,473.58,565.593,112.585,0.00,0.000,0.000,0.0,32.01,523.29,100.00,0.000,0.000,557.165,130.728,0,472.03,112.053,+BIG,0.000,0.000
2014/05/18,00:18:15,636N-20,,5,17,2014,18,37,30,1440,340,1100,Normal Test,0.000,0.000,0.0,32.10,532.4,100.00,0.000,566.528,473.58,566.528,112.009,0.00,0.000,0.000,0.0,32.01,523.30,100.00,0.000,0.000,557.168,130.760,0,472.03,112.053,+BIG,0.000,0.000
2014/05/18,00:18:20,636N-20,,5,17,2014,18,37,30,1440,340,1100,Normal Test,0.000,0.000,0.0,31.44,531.6,100.00,0.000,568.160,473.10,567.307,112.500,0.00,0.000,0.000,0.0,32.01,523.30,100.00,0.000,0.000,557.170,130.793,0,472.03,112.053,+BIG,0.000,0.000
2014/05/18,00:18:25,636N-20,,5,17,2014,18,37,30,1440,340,1100,Normal Test,0.000,0.000,0.0,32.09,532.4,100.00,0.000,564.799,473.82,564.799,111.667,0.00,0.000,0.000,0.0,32.01,523.30,100.00,0.000,0.000,557.173,130.826,0,472.03,112.053,+BIG,0.000,0.000
2014/05/18,00:18:30,636N-20,,5,17,2014,18,37,30,1440,340,1100,Normal Test,0.000,0.000,0.0,32.11,532.4,100.00,0.000,569.867,473.58,568.160,112.500,0.00,0.000,0.000,0.0,32.01,523.30,100.00,0.000,0.000,557.174,130.859,0,472.03,112.053,+BIG,0.000,0.000
2014/05/18,00:18:35,636N-20,,5,17,2014,18,37,30,1440,341,1099,Normal Test,0.000,0.000,0.0,31.64,533.2,100.00,0.000,564.582,472.86,566.275,111.624,0.00,0.000,0.000,0.0,32.01,523.31,100.00,0.000,0.000,557.177,130.892,0,472.03,112.053,+BIG,0.000,0.000
2014/05/18,00:18:40,636N-20,,5,17,2014,18,37,30,1440,341,1099,Normal Test,0.000,0.000,0.0,31.80,531.6,100.00,0.000,569.338,474.06,569.338,112.479,0.00,0.000,0.000,0.0,32.01,523.31,100.00,0.000,0.000,557.180,130.925,0,472.03,112.053,+BIG,0.000,0.000
2014/05/18,00:18:45,636N-20,,5,17,2014,18,37,30,1440,341,1099,Normal Test,0.000,0.000,0.0,31.48,532.4,100.00,0.000,564.455,473.10,563.610,111.432,0.00,0.000,0.000,0.0,32.01,523.31,100.00,0.000,0.000,557.183,130.958,0,472.03,112.053,+BIG,0.000,0.000
2014/05/18,00:18:50,636N-20,,5,17,2014,18,37,30,1440,341,1099,Normal Test,0.000,0.000,0.0,32.44,532.4,100.00,0.000,571.829,474.06,571.829,112.500,0.00,0.000,0.000,0.0,32.01,523.31,100.00,0.000,0.000,557.186,130.984,0,472.03,112.053,+BIG,0.000,0.000
2014/05/18,00:18:55,636N-20,,5,17,2014,18,37,30,1440,341,1099,Normal Test,0.000,0.000,0.0,32.19,532.4,100.00,0.000,569.662,474.06,569.662,112.628,0.00,0.000,0.000,0.0,32.01,523.31,100.00,0.000,0.000,557.188,131.017,0,472.03,112.054,+BIG,0.000,0.000
2014/05/18,00:19:00,636N-20,,5,17,2014,18,37,30,1440,341,1099,Normal Test,0.000,0.000,0.0,32.17,532.4,100.00,0.000,569.338,473.34,569.338,112.564,0.00,0.000,0.000,0.0,32.01,523.32,100.00,0.000,0.000,557.190,131.056,0,472.04,112.054,+BIG,0.000,0.000
2014/05/18,00:19:05,636N-20,,5,17,2014,18,37,30,1440,341,1099,Normal Test,0.000,0.000,0.0,32.10,532.4,100.00,0.000,569.338,472.86,569.338,112.564,0.00,0.000,0.000,0.0,32.01,523.32,100.00,0.000,0.000,557.193,131.089,0,472.04,112.054,+BIG,0.000,0.000
2014/05/18,00:19:10,636N-20,,5,17,2014,18,37,30,1440,341,1099,Normal Test,0.000,0.000,0.0,32.18,532.4,100.00,0.000,567.284,474.55,567.284,112.158,0.00,0.000,0.000,0.0,32.01,523.32,100.00,0.000,0.000,557.195,131.122,0,472.04,112.054,+BIG,0.000,0.000
2014/05/18,00:19:15,636N-20,,5,17,2014,18,37,30,1440,341,1099,Normal Test,0.000,0.000,0.0,31.91,532.4,100.00,0.000,572.681,474.79,572.681,113.056,0.00,0.000,0.000,0.0,32.01,523.32,100.00,0.000,0.000,557.198,131.155,0,472.04,112.054,+BIG,0.000,0.000
2014/05/18,00:19:20,636N-20,,5,17,2014,18,37,30,1440,341,1099,Normal Test,0.000,0.000,0.0,32.32,530.0,100.00,0.000,570.971,474.55,569.254,113.227,0.00,0.000,0.000,0.0,32.01,523.32,100.00,0.000,0.000,557.200,131.181,0,472.04,112.054,+BIG,0.000,0.000
2014/05/18,00:19:25,636N-20,,5,17,2014,18,37,30,1440,341,1099,Normal Test,0.000,0.000,0.0,31.87,532.4,100.00,0.000,569.230,473.82,569.230,112.543,0.00,0.000,0.000,0.0,32.01,523.33,100.00,0.000,0.000,557.204,131.214,0,472.04,112.054,+BIG,0.000,0.000
2014/05/18,00:19:30,636N-20,,5,17,2014,18,37,30,1440,341,1099,Normal Test,0.000,0.000,0.0,32.28,531.6,100.00,0.000,572.909,474.79,572.909,113.440,0.00,0.000,0.000,0.0,32.01,523.33,100.00,0.000,0.000,557.207,131.247,0,472.04,112.054,+BIG,0.000,0.000
2014/05/18,00:19:35,636N-20,,5,17,2014,18,37,30,1440,341,1099,Normal Test,0.000,0.000,0.0,31.89,532.4,100.00,0.000,567.609,473.58,567.609,112.222,0.00,0.000,0.000,0.0,32.01,523.33,100.00,0.000,0.000,557.210,131.280,0,472.04,112.054,+BIG,0.000,0.000
2014/05/18,00:19:40,636N-20,,5,17,2014,18,37,30,1440,342,1098,Normal Test,0.000,0.000,0.0,31.88,531.6,100.00,0.000,567.717,474.06,566.865,112.244,0.00,0.000,0.000,0.0,32.01,523.33,100.00,0.000,0.000,557.212,131.319,0,472.04,112.054,+BIG,0.000,0.000
2014/05/18,00:19:45,636N-20,,5,17,2014,18,37,30,1440,342,1098,Normal Test,0.000,0.000,0.0,32.21,531.6,100.00,0.000,569.024,474.06,569.024,112.671,0.00,0.000,0.000,0.0,32.01,523.33,100.00,0.000,0.000,557.214,131.352,0,472.04,112.054,+BIG,0.000,0.000
2014/05/18,00:19:50,636N-20,,5,17,2014,18,37,30,1440,342,1098,Normal Test,0.000,0.000,0.0,32.07,532.4,100.00,0.000,570.319,473.34,569.462,112.927,0.00,0.000,0.000,0.0,32.01,523.34,100.00,0.000,0.000,557.217,131.378,0,472.04,112.054,+BIG,0.000,0.000
2014/05/18,00:19:55,636N-20,,5,17,2014,18,37,30,1440,342,1098,Normal Test,0.000,0.000,0.0,32.12,531.6,100.00,0.000,565.786,473.58,565.786,111.838,0.00,0.000,0.000,0.0,32.01,523.34,100.00,0.000,0.000,557.220,131.411,0,472.04,112.055,+BIG,0.000,0.000
2014/05/18,00:20:00,636N-20,,5,17,2014,18,37,30,1440,342,1098,Normal Test,0.000,0.000,0.0,32.12,532.4,100.00,0.000,565.799,473.34,566.650,112.222,0.00,0.000,0.000,0.0,32.01,523.34,100.00,0.000,0.000,557.223,131.444,0,472.04,112.055,+BIG,0.000,0.000
2014/05/18,00:20:05,636N-20,,5,17,2014,18,37,30,1440,342,1098,Normal Test,0.000,0.000,0.0,31.44,532.4,100.00,0.000,570.202,474.55,570.202,112.735,0.00,0.000,0.000,0.0,32.01,523.34,100.00,0.000,0.000,557.224,131.477,0,472.04,112.055,+BIG,0.000,0.000
2014/05/18,00:20:10,636N-20,,5,17,2014,18,37,30,1440,342,1098,Normal Test,0.000,0.000,0.0,31.86,532.4,100.00,0.000,568.484,473.58,568.052,112.564,0.00,0.000,0.000,0.0,32.01,523.34,100.00,0.000,0.000,557.227,131.516,0,472.04,112.055,+BIG,0.000,0.000
2014/05/18,00:20:15,636N-20,,5,17,2014,18,37,30,1440,342,1098,Normal Test,0.000,0.000,0.0,32.64,531.6,100.00,0.000,567.825,474.55,567.825,112.265,0.00,0.000,0.000,0.0,32.01,523.35,100.00,0.000,0.000,557.230,131.536,0,472.04,112.055,+BIG,0.000,0.000
2014/05/18,00:20:20,636N-20,,5,17,2014,18,37,30,1440,342,1098,Normal Test,0.000,0.000,0.0,31.78,532.4,100.00,0.000,565.339,474.31,565.879,111.774,0.00,0.000,0.000,0.0,32.01,523.35,100.00,0.000,0.000,557.232,131.575,0,472.04,112.055,+BIG,0.000,0.000
2014/05/18,00:20:25,636N-20,,5,17,2014,18,37,30,1440,342,1098,Normal Test,0.000,0.000,0.0,31.99,532.4,100.00,0.000,566.528,473.58,565.879,112.009,0.00,0.000,0.000,0.0,32.01,523.35,100.00,0.000,0.000,557.235,131.608,0,472.04,112.055,+BIG,0.000,0.000
2014/05/18,00:20:30,636N-20,,5,17,2014,18,37,30,1440,342,1098,Normal Test,0.000,0.000,0.0,32.38,530.8,100.00,0.000,567.954,473.34,568.808,112.628,0.00,0.000,0.000,0.0,32.01,523.35,100.00,0.000,0.000,557.237,131.641,0,472.04,112.055,+BIG,0.000,0.000
2014/05/18,00:20:35,636N-20,,5,17,2014,18,37,30,1440,343,1097,Normal Test,0.000,0.000,0.0,31.65,532.4,100.00,0.000,566.542,472.38,566.542,112.179,0.00,0.000,0.000,0.0,32.01,523.35,100.00,0.000,0.000,557.240,131.674,0,472.04,112.055,+BIG,0.000,0.000
2014/05/18,00:20:40,636N-20,,5,17,2014,18,37,30,1440,
